average_aoi,dropped_ratio
0.5991690894910353,0.03614457831325301
0.5819618468679038,0.012048192771084338
0.6177996173092656,0.03614457831325301
0.6169123084404721,0.07228915662650602
0.63433585573065,0.08433734939759036
0.6309411062085674,0.05421686746987952
0.6178977093929203,0.030120481927710843
0.6391422243924358,0.06626506024096386
0.6295972707204891,0.06626506024096386
0.6265754119152348,0.060240963855421686
