average_aoi,dropped_ratio
0.6412418097143756,0.060240963855421686
0.6606038514327603,0.10240963855421686
0.6355917191870433,0.024096385542168676
0.6923464793043065,0.024096385542168676
0.6478447057743015,0.060240963855421686
0.6700795042009421,0.060240963855421686
0.6757850617394683,0.060240963855421686
0.6349512935262258,0.060240963855421686
0.7097364851494036,0.09036144578313253
0.663671752098226,0.10240963855421686
