average_aoi,dropped_ratio
0.8829578726387022,0.030120481927710843
0.8566798982026783,0.024096385542168676
0.9230504161819925,0.024096385542168676
0.9277916835159431,0.03614457831325301
0.9496102635551106,0.06626506024096386
0.9188011229105165,0.04819277108433735
0.8927891860724515,0.018072289156626505
0.88957772497852,0.018072289156626505
0.9169670514590451,0.05421686746987952
0.9491637874081006,0.12048192771084337
