average_aoi,dropped_ratio
0.9530919289724648,0.8554216867469879
0.9186617486547354,0.891566265060241
0.8769429459525684,0.8554216867469879
1.0424931055745197,0.8493975903614458
1.0434739850905224,0.8795180722891566
1.0367516817227673,0.8493975903614458
0.9581611845031631,0.8855421686746988
0.9693773018484373,0.891566265060241
0.9891616585919183,0.8734939759036144
0.9938953981917938,0.8975903614457831
