{
    "original": {
        "aoi_mean": {
            "greedy_nearest": 0.882567892388727,
            "greedy_expected": 0.8974847083321841,
            "dqn": 0.6440987620324259,
            "dqn_heuristic": 0.6163886785796243
        },
        "drop_mean": {
            "greedy_nearest": 0.8879518072289156,
            "greedy_expected": 0.12108433734939754,
            "dqn": 0.10963855421686741,
            "dqn_heuristic": 0.09638554216867465
        }
    },
    "queue_10": {
        "aoi_mean": {
            "greedy_nearest": 0.8762909368160218,
            "greedy_expected": 0.8757939969260997,
            "dqn": 0.6145522808240456,
            "dqn_heuristic": 0.5989220492766921
        },
        "drop_mean": {
            "greedy_nearest": 0.8951807228915662,
            "greedy_expected": 0.17168674698795178,
            "dqn": 0.194578313253012,
            "dqn_heuristic": 0.1867469879518072
        }
    },
    "queue_14": {
        "aoi_mean": {
            "greedy_nearest": 0.9782010939102891,
            "greedy_expected": 0.9107389006923061,
            "dqn": 0.6631852662127053,
            "dqn_heuristic": 0.6194332440468975
        },
        "drop_mean": {
            "greedy_nearest": 0.8728915662650604,
            "greedy_expected": 0.04397590361445779,
            "dqn": 0.06445783132530114,
            "dqn_heuristic": 0.051807228915662605
        }
    },
    "dmax_1750": {
        "aoi_mean": {
            "greedy_nearest": 0.8794542243184622,
            "greedy_expected": 0.9141763894702827,
            "dqn": 0.6467926450467554,
            "dqn_heuristic": 0.6240594672467669
        },
        "drop_mean": {
            "greedy_nearest": 0.8753012048192771,
            "greedy_expected": 0.32108433734939756,
            "dqn": 0.28373493975903613,
            "dqn_heuristic": 0.2783132530120482
        }
    },
    "dmax_2250": {
        "aoi_mean": {
            "greedy_nearest": 0.882567892388727,
            "greedy_expected": 0.8944087417778125,
            "dqn": 0.6614474503265202,
            "dqn_heuristic": 0.621107098901253
        },
        "drop_mean": {
            "greedy_nearest": 0.8879518072289156,
            "greedy_expected": 0.08855421686746981,
            "dqn": 0.13313253012048193,
            "dqn_heuristic": 0.09156626506024093
        }
    }
}