average_aoi,dropped_ratio
0.5859875052327208,0.030120481927710843
0.6149872829874458,0.08433734939759036
0.60599274604496,0.12650602409638553
0.6386832542408191,0.08433734939759036
0.6315616537655625,0.10240963855421686
0.6292285791771989,0.0963855421686747
0.6293685949776302,0.10843373493975904
0.6208974803542181,0.08433734939759036
0.5955975464130419,0.0963855421686747
0.6115821426026468,0.15060240963855423
