average_aoi,dropped_ratio
0.6239994713713115,0.06626506024096386
0.6491793432475179,0.10240963855421686
0.6468865474956651,0.12048192771084337
0.6462334865993884,0.10843373493975904
0.6481205954654341,0.10240963855421686
0.6308646071047863,0.13855421686746988
0.6686474323147205,0.15060240963855423
0.6186249585904591,0.09036144578313253
0.6843754671351148,0.1566265060240964
0.6240557109998616,0.060240963855421686
