average_aoi,dropped_ratio
0.6392442021266534,0.09036144578313253
0.6451820506217302,0.08433734939759036
0.6269698136209018,0.0963855421686747
0.6411820474043892,0.060240963855421686
0.6276561463577311,0.0963855421686747
0.6247370942486172,0.024096385542168676
0.6320485430770181,0.15060240963855423
0.5964833868117934,0.03614457831325301
0.6272588183681154,0.10843373493975904
0.6117488159035156,0.16265060240963855
