average_aoi,dropped_ratio
0.567216808279393,0.08433734939759036
0.5976887645124374,0.0963855421686747
0.5966670494625469,0.10843373493975904
0.5923610191846677,0.030120481927710843
0.6168229154318078,0.15060240963855423
