average_aoi,dropped_ratio
0.8006253242405272,0.03614457831325301
0.7887364321771689,0.13855421686746988
0.8143540834632014,0.1144578313253012
0.8173863650428306,0.06626506024096386
0.8182656196035721,0.12048192771084337
0.8532292703983191,0.07228915662650602
0.7914429711421868,0.09036144578313253
0.7705389706913193,0.08433734939759036
0.8212913381577328,0.12048192771084337
0.8063088301485741,0.03614457831325301
