average_aoi,dropped_ratio
0.9109326164856385,0.8674698795180723
0.9181272718034259,0.891566265060241
0.7878554783553621,0.8795180722891566
1.0082428652610504,0.8674698795180723
0.8207337108160985,0.8855421686746988
0.8877758380975105,0.9036144578313253
0.8102022213717414,0.891566265060241
0.7912832834245298,0.8975903614457831
1.0017000485597767,0.8855421686746988
0.8888255897121359,0.9096385542168675
