average_aoi,dropped_ratio
0.8880627238062758,0.060240963855421686
0.8672695029971368,0.12650602409638553
0.9119098354540233,0.18674698795180722
0.8974246583981359,0.13855421686746988
0.9376025625439214,0.13855421686746988
0.8976415366930617,0.13253012048192772
0.8769498607820063,0.09036144578313253
0.9098884448207393,0.12650602409638553
0.8960241576891369,0.10843373493975904
0.8920738001374033,0.10240963855421686
