average_aoi,dropped_ratio
0.5999306280740082,0.04216867469879518
0.6061445112013721,0.07228915662650602
0.6028373104857115,0.04216867469879518
0.6229264271199938,0.04819277108433735
0.6224092047719674,0.12048192771084337
0.6305420140787186,0.12650602409638553
0.6365671368713125,0.0783132530120482
0.6453338638089761,0.1144578313253012
0.6289278992962682,0.1746987951807229
0.6154519933042017,0.0963855421686747
