average_aoi,dropped_ratio
0.6676840800337412,0.05421686746987952
0.6550051433309685,0.12650602409638553
0.6583308829325103,0.1144578313253012
0.6317625543265855,0.13253012048192772
0.6557653882169299,0.14457831325301204
0.6806112246898604,0.1566265060240964
0.6469893909317156,0.13253012048192772
0.6779702039061645,0.1144578313253012
0.6608455325192168,0.1746987951807229
0.6795101023775101,0.18072289156626506
