average_aoi,dropped_ratio
0.8631115790426426,0.060240963855421686
0.8685999002922341,0.060240963855421686
0.9013014513738137,0.06626506024096386
0.9178196728381666,0.07228915662650602
0.9333161300457741,0.14457831325301204
0.8941456043666818,0.060240963855421686
0.8779898421924044,0.12048192771084337
0.9037013276233594,0.04216867469879518
0.870655564979362,0.0963855421686747
0.9134463450236857,0.16265060240963855
