average_aoi,dropped_ratio
0.6031873097350142,0.12650602409638553
0.5853485361293818,0.22289156626506024
0.5848063742894762,0.18674698795180722
0.5923507246901643,0.12650602409638553
0.5889945418518978,0.1686746987951807
0.5959611836098943,0.1686746987951807
0.6371875919644547,0.25301204819277107
0.6033838474885791,0.2289156626506024
0.6003986816803347,0.18072289156626506
0.5976017013277239,0.20481927710843373
