average_aoi,dropped_ratio
0.5918195632038236,0.15060240963855423
0.627507065919876,0.24096385542168675
0.6025215804955539,0.18674698795180722
0.6278453167932602,0.20481927710843373
0.6237897483911927,0.19879518072289157
0.6146682279236377,0.19879518072289157
0.6331974866118135,0.19879518072289157
0.5984816501336203,0.15060240963855423
0.6142779291551879,0.21686746987951808
0.6114142396124899,0.19879518072289157
