average_aoi,dropped_ratio
0.8174841567250279,0.8795180722891566
0.8943859297722192,0.8975903614457831
0.8924680661238902,0.9096385542168675
0.974445140350693,0.9096385542168675
0.8675067680798787,0.891566265060241
0.9554537587026125,0.8554216867469879
0.8720312374599969,0.9036144578313253
0.8409159800270781,0.891566265060241
0.8914831261111271,0.9036144578313253
0.7567352048076941,0.9096385542168675
