average_aoi,dropped_ratio
0.8591753097179425,0.13855421686746988
0.8542614511786382,0.14457831325301204
0.8903358016272284,0.21084337349397592
0.8906684021316995,0.15060240963855423
0.9053708563785299,0.21084337349397592
0.9155438147363452,0.2469879518072289
0.8459059496194569,0.1144578313253012
0.8632084213991215,0.12650602409638553
0.8790474142471729,0.2289156626506024
0.8544225482248632,0.14457831325301204
