average_aoi,dropped_ratio
0.5912106608048348,0.29518072289156627
0.6195819141066038,0.2710843373493976
0.6193096876674413,0.28313253012048195
0.5992814679151317,0.18674698795180722
0.6597803344404652,0.3253012048192771
0.6177677644519101,0.25301204819277107
0.613619399845194,0.30120481927710846
0.6205403496545743,0.25301204819277107
0.6369163165592364,0.27710843373493976
0.6625867770222771,0.3373493975903614
