average_aoi,dropped_ratio
0.6374391204495419,0.2710843373493976
0.6689171222494663,0.3192771084337349
0.6244301614029183,0.2469879518072289
0.6392992916903267,0.26506024096385544
0.6357471243290781,0.3072289156626506
0.6439914141203247,0.24096385542168675
0.6411031142246069,0.3192771084337349
0.6701130323515557,0.30120481927710846
0.6279372372015907,0.27710843373493976
0.678948832448144,0.2891566265060241
