average_aoi,dropped_ratio
0.8917224779141972,0.27710843373493976
0.8849319312383337,0.3132530120481928
0.8831876353495726,0.26506024096385544
0.8925180418401318,0.27710843373493976
0.9799684199024666,0.40963855421686746
0.9479858547386418,0.3614457831325301
0.9416616503006024,0.3313253012048193
0.9028490780077357,0.26506024096385544
0.8919729391004223,0.3253012048192771
0.9249658663107209,0.3855421686746988
