average_aoi,dropped_ratio
0.833133953029826,0.8674698795180723
0.9218799090324331,0.891566265060241
0.7969246266602724,0.8795180722891566
0.9306822380284016,0.8734939759036144
0.8527938076479378,0.8855421686746988
0.86895875908361,0.8734939759036144
0.8394043982012169,0.8493975903614458
1.060982517035577,0.8554216867469879
0.8529323736764525,0.8855421686746988
0.8368496607888944,0.891566265060241
